GROUP 1,GROUP 2,GROUP 3,GROUP 4,GROUP 5
GROUP 1,GROUP 2,GROUP 3,GROUP 4,GROUP 5
0xb2dd985116db690461fa28e03ba2a08a60af90a1 <-> 0xfe3766d4b8f8bf029d4fe4d355be152f9c67eb90 <-> 0xee525a275d1f54c22cccf1a3314f13c712d7f3a8 <-> 0xe356e7af80b8626a2b6ec11c32ad936c50a98a92 <-> 0xd2033db9c5370ac76abd80823b5c5adc097e2fbf <-> 0xca1e6cce755f9b276ebcf60532e91b1d6804486d <-> 0xfc40c02ad7ca76ac88c2dd771df729438b156c22 <-> 0xe4b8bd8cb10dbf3b152ae13cbf95ec8b869420e1 <-> 0xd4f20f43eef492a6cb117c698c0a1cbba42811e4 <-> 0xae4f582d6565acf294dd81c98099cc82bd710afd <-> 0xccbc524ebe1a9d7f0db3fbd10bc5c6e57768a28e <-> 0xd25891cfaf13c9ca8a102709261da2ffd0fb0a1f,0xecc87f729b14d8b4680624fa1202b6463b0a963d <-> 0xfab8b317625fc99a3989d894b1962f668101aec4 <-> 0xeea62f22f176c0bcc4d21e9a3bf773e9eb20b9f6 <-> 0xce97488ddfe8c92ccdd6c23191bc90c6e93a4718 <-> 0xacc9df058068c40e8d23978eb3dfad7edf8a2577 <-> 0xfd5cf3a11baf13f2cdb5b1de5cc77f5fc122820c <-> 0xe3444be2085f4b2c7ae1b50b0980ad6a4c257017 <-> 0xf84856531e2d89b438f7820630db02cdfb2ae69f <-> 0xe563bad50fcaef4767116d945e35b87ef5acc4f0 <-> 0xddf67766823a949f0d5ed88c944a098f93c51535 <-> 0xf6cee0b7d093d3e716461da80be035da8080d754 <-> 0xec63ec638787a00aac16de144f0d054a727ed530 <-> 0xb173db8f27360f545c551f22bc480a22d33cde22 <-> 0xb1f72d694711fce55c62ea97bd3739ff11cef986,0xb48978cbe537ddd29752b300ee9143131324d0ff <-> 0xf69ed76632f8a3961cb03960a85ec37c8d5aabb6 <-> 0xffd708c4aca6d0d4335836b2ca51576069418d3d <-> 0xbfb4a11a2247a013b50eaf5d68d5db1cc752c4a9 <-> 0xe23e1d8e9373a79ec4ae0262e77d52c21830ab11 <-> 0xab1580ee6c593d1ae69c8e80592160bcdb9f6c97 <-> 0xaf2947beb7bfd50f5ea168d22c6d143796d3b209 <-> 0xc7cc21158fda7b48a53a1f24f4c5c5b85654b447 <-> 0xb8a6be8996bdffadb12665498b0315e03746550f <-> 0xd3f81e3e5bae2d61949efd4c2550edf6d1a02186,0xbeb4d273c61cae9fb0d39ebd3cd6703d09292530 <-> 0xbb777059731726fb990fac2687fa6c1f2924d4cd <-> 0xda3605d79bc9e6ddef9bc8166c922cf7fd7c01a0 <-> 0xda8639ebade510607414fe396e98171280ee86f1 <-> 0xe3b8681778882bdd121b51eada0de2b9088398df <-> 0xceed5de12428369816cd22d1ba71463fc4c4c73e <-> 0xd4d07a4f93d20158f60bc1e915fd433a9dc4b7cf <-> 0xe85a5b0ef8e4690fef2b73cf94f9576a1c092c87 <-> 0xdcf411429b7c41c49409ddb14d87267ebdf74289 <-> 0xd3ea2b7f180b341aa5736a676de9abb21d399044,0xb4a2b428f5f46772abc83b553e4ed7bc6e096378 <-> 0xd471a840ec81be3ce5e1325413581a1eaf5dcc11 <-> 0xac8efff8b4ecef9f6704c38425d96a7048d938ed <-> 0xe4deac4c2b075ee64814483d9038daaf83542f71 <-> 0xc52d24a78207b8c380d9b0ac2e5ec699dad04241 <-> 0xe66e4b4f43b6c7e7df71c0e325ad6797f3e66b3f <-> 0xc1563d51c3cdae5bbbff9bc8f1c37a1ea50950fc <-> 0xd53b399bf34305d1cd665c2b092d787c8a5e45b7 <-> 0xc5c23df5e5d70aa181e7a00733eea041b9623903 <-> 0xbfc4ee67d03dd3450e9e53137b8db0a347cd086a <-> 0xb302560a220d1adcc69c5f8d19279f572555b01b <-> 0xb606fdf543b3397bd0e6559b693ae8d60da4a46a <-> 0xdbabf33f0d2464c9ac403acb67ef0e3340a0c031 <-> 0xd4a7385d50fa958d66d0df590e3204211a6027e0 <-> 0xb4da408106a7545130e64c559ecb65fdce8c21ef <-> 0xc5cf8fdd07c1eeab8a193b5145aa403ec084b71a <-> 0xb4a3ac905164bf9e8dff4b6f04b1eab55814642a <-> 0xd67d2f08cbc0e3b4cd6db121b5e0c0e5425268a2 <-> 0xc54c577729bb114c7838fb839a74321c9d04efd1 <-> 0xac8e9cbcd6120f2a09eaa3a73d7e140995337346 <-> 0xb2ed6de66f527a88fee596a5f7ddcc30c5031571 <-> 0xe7481ee7af22f443303572cccf28a4a73a21bbe7 <-> 0xe96d806c830bb3f108eb51479a66edb31a3c1ab4 <-> 0xd357a7e5c94f46dfbc3c05033b1ff97926a4e4dc <-> 0xb35a83bda02c2cb5af44a8afc79431f9c11e505c <-> 0xbae00268df54cbd6e689de1ea3b2aafa52dd19a9 <-> 0xfa8118fec97722451e36e84be84c37dd960a1ef2 <-> 0xb8aa2942f7285a9f3e69acb11311f8d849c0d05c <-> 0xeb0ad1099f5e12968d41c04f8a22e6dbb0f65702 <-> 0xc68f835106b588ad7946729d7ab2712c0cd2ffed
"hash: ""0xc1932c73d2e01cc7025d63dda971d01b132d3153c56afdeea57cf239b49c3d24"" from: ""0xfc40c02ad7ca76ac88c2dd771df729438b156c22"" to: ""0xd2033db9c5370ac76abd80823b5c5adc097e2fbf"" tokenSymbol: ""ETH"" value: ""0.08273229""","hash: ""0x184bfbf81dc65167270ee13df9915f01fdc3363489977b7622df9f3d90e1bf70"" from: ""0xe563bad50fcaef4767116d945e35b87ef5acc4f0"" to: ""0xb173db8f27360f545c551f22bc480a22d33cde22"" tokenSymbol: ""ETH"" value: ""0.01""","hash: ""0xa17af38a9bac3ff50db64f612f546a493c26bd4a3a46a5824bf3faaf3b31552a"" from: ""0xab1580ee6c593d1ae69c8e80592160bcdb9f6c97"" to: ""0xc7cc21158fda7b48a53a1f24f4c5c5b85654b447"" tokenSymbol: ""ETH"" value: ""0.01""","hash: ""0xfba6922423754b5f5ef302191a0b58f2e628ff877e1cd8c7f3b5eb9e5bb9e10c"" from: ""0xda3605d79bc9e6ddef9bc8166c922cf7fd7c01a0"" to: ""0xbeb4d273c61cae9fb0d39ebd3cd6703d09292530"" tokenSymbol: ""ETH"" value: ""0.002""","hash: ""0x3c3c7b1a26fa044c990c2ddf88213d36a6aef8abe8316023e74e9e5c0bc614f6"" from: ""0xfa8118fec97722451e36e84be84c37dd960a1ef2"" to: ""0xb302560a220d1adcc69c5f8d19279f572555b01b"" tokenSymbol: ""ETH"" value: ""0.005"""
"hash: ""0x1eea9a153a4a421dc374139b976ac9af620ebe61a10ffdfba332e35e79d71233"" from: ""0xae4f582d6565acf294dd81c98099cc82bd710afd"" to: ""0xfc40c02ad7ca76ac88c2dd771df729438b156c22"" tokenSymbol: ""ETH"" value: ""0.0003""","hash: ""0xcf4e004ec25a15b901e9b9eba0518020229f101eef3641813d3f01d9a8012b3b"" from: ""0xecc87f729b14d8b4680624fa1202b6463b0a963d"" to: ""0xfd5cf3a11baf13f2cdb5b1de5cc77f5fc122820c"" tokenSymbol: ""ETH"" value: ""0.0077""","hash: ""0x612fd63cf31547be2a866a11f20ed2e822ffca6945a15bdc5f5759078168d404"" from: ""0xab1580ee6c593d1ae69c8e80592160bcdb9f6c97"" to: ""0xffd708c4aca6d0d4335836b2ca51576069418d3d"" tokenSymbol: ""ETH"" value: ""0.01""","hash: ""0xaf9bab66635398560b7a15fb573c6363d6d682c9ec431bc03d5fb54f2953c426"" from: ""0xceed5de12428369816cd22d1ba71463fc4c4c73e"" to: ""0xbeb4d273c61cae9fb0d39ebd3cd6703d09292530"" tokenSymbol: ""ETH"" value: ""0.01""","hash: ""0xc3d91461a34981b65775fe4100d0986d47d0bd715bcf3b4e3b2c7d22768a84fc"" from: ""0xb4a3ac905164bf9e8dff4b6f04b1eab55814642a"" to: ""0xb302560a220d1adcc69c5f8d19279f572555b01b"" tokenSymbol: ""ETH"" value: ""0.005"""
"hash: ""0x8f49342ef7128653c5b141f40af1749c14fa598f0cad32d424e9eaf5c80dae91"" from: ""0xfe3766d4b8f8bf029d4fe4d355be152f9c67eb90"" to: ""0xe4b8bd8cb10dbf3b152ae13cbf95ec8b869420e1"" tokenSymbol: ""ETH"" value: ""0.06553476""","hash: ""0xc82d3fb947e1ed2934e7fb7e60e339c2cac53aeecdb1f12b902134a21f928982"" from: ""0xecc87f729b14d8b4680624fa1202b6463b0a963d"" to: ""0xfd5cf3a11baf13f2cdb5b1de5cc77f5fc122820c"" tokenSymbol: ""ETH"" value: ""0.001""","hash: ""0x7266981dfe2db1acd2e9bfa437f18b0e690f1f63b3021f1303011c4807ae0146"" from: ""0xab1580ee6c593d1ae69c8e80592160bcdb9f6c97"" to: ""0xf69ed76632f8a3961cb03960a85ec37c8d5aabb6"" tokenSymbol: ""ETH"" value: ""0.01""","hash: ""0xc22d99b9bb115df30e952f4a70ea4dfb7d0d98d43c4940b0b66b48a8f6459a6a"" from: ""0xbeb4d273c61cae9fb0d39ebd3cd6703d09292530"" to: ""0xd4d07a4f93d20158f60bc1e915fd433a9dc4b7cf"" tokenSymbol: ""ETH"" value: ""0.082""","hash: ""0x54dc576e37973b7aebb9eb1142307251e45bafaf02268921ff9892e40a9deeb3"" from: ""0xb4a3ac905164bf9e8dff4b6f04b1eab55814642a"" to: ""0xd4a7385d50fa958d66d0df590e3204211a6027e0"" tokenSymbol: ""ETH"" value: ""0.005"""
"hash: ""0x0444fe423c236402a2f38935243c0fc8bae793ec51963280f2f9891973ebe4c1"" from: ""0xfe3766d4b8f8bf029d4fe4d355be152f9c67eb90"" to: ""0xca1e6cce755f9b276ebcf60532e91b1d6804486d"" tokenSymbol: ""ETH"" value: ""0.0005""","hash: ""0x2867f65b11928c1002259e9888fd441df7ac4f512b1b854ca438d3aea9005b0c"" from: ""0xb1f72d694711fce55c62ea97bd3739ff11cef986"" to: ""0xfd5cf3a11baf13f2cdb5b1de5cc77f5fc122820c"" tokenSymbol: ""ETH"" value: ""0.01""","hash: ""0x71c42320ea09a174185654bd386558d862d9fb20d2cf95de6d0981d3d43a2600"" from: ""0xab1580ee6c593d1ae69c8e80592160bcdb9f6c97"" to: ""0xd3f81e3e5bae2d61949efd4c2550edf6d1a02186"" tokenSymbol: ""ETH"" value: ""0.01""","hash: ""0x2e92bebd0fa31070c9e9ab86b1b21523ebd07fc3ac6b1a2a2e926c0391851917"" from: ""0xda3605d79bc9e6ddef9bc8166c922cf7fd7c01a0"" to: ""0xbeb4d273c61cae9fb0d39ebd3cd6703d09292530"" tokenSymbol: ""ETH"" value: ""0.005""","hash: ""0x43d3878b734c38c71d69c75ef067f75d638d0fc62953e03c54d58e3c878ae7e6"" from: ""0xb4a3ac905164bf9e8dff4b6f04b1eab55814642a"" to: ""0xc5cf8fdd07c1eeab8a193b5145aa403ec084b71a"" tokenSymbol: ""ETH"" value: ""0.005"""
"hash: ""0xa5182821b8072c26d8fd00d6b85a5fecfcf4039c49d1058f26e1106669c4e170"" from: ""0xd2033db9c5370ac76abd80823b5c5adc097e2fbf"" to: ""0xe4b8bd8cb10dbf3b152ae13cbf95ec8b869420e1"" tokenSymbol: ""ETH"" value: ""0.00084699""","hash: ""0xa36bbf0c6c8d42c3287d319ac8c75439b97f7c2ad356792f4401563b8d550d39"" from: ""0xe563bad50fcaef4767116d945e35b87ef5acc4f0"" to: ""0xec63ec638787a00aac16de144f0d054a727ed530"" tokenSymbol: ""ETH"" value: ""0.01""","hash: ""0xce21ae67c9f0542aa9734d66340d7ba3b877d1d8d7fa8511681c87459fd964d4"" from: ""0xab1580ee6c593d1ae69c8e80592160bcdb9f6c97"" to: ""0xb48978cbe537ddd29752b300ee9143131324d0ff"" tokenSymbol: ""ETH"" value: ""0.01""","hash: ""0xec35a04434f7d5c7fcc32a6f3357cb5b4a704a9cffde9ab4584b3fef4bd131a0"" from: ""0xda3605d79bc9e6ddef9bc8166c922cf7fd7c01a0"" to: ""0xbeb4d273c61cae9fb0d39ebd3cd6703d09292530"" tokenSymbol: ""ETH"" value: ""0.005""","hash: ""0xacaa39def8b6d40ac6f745b9c3096ef9381598bbeba7107ecee5bc17568c93cf"" from: ""0xb4a3ac905164bf9e8dff4b6f04b1eab55814642a"" to: ""0xb8aa2942f7285a9f3e69acb11311f8d849c0d05c"" tokenSymbol: ""ETH"" value: ""0.1"""
"hash: ""0x2dd977545daeb6f258e29c1e09e768badd7b0e659865b3209d7128969def03aa"" from: ""0xae4f582d6565acf294dd81c98099cc82bd710afd"" to: ""0xd2033db9c5370ac76abd80823b5c5adc097e2fbf"" tokenSymbol: ""ETH"" value: ""0.07280616""","hash: ""0x32e40e11c30d3e6dab37331ee92a7927b885e5a79d2dec1495b81e22c4cd02bd"" from: ""0xacc9df058068c40e8d23978eb3dfad7edf8a2577"" to: ""0xec63ec638787a00aac16de144f0d054a727ed530"" tokenSymbol: ""ETH"" value: ""0.005""","hash: ""0xd18df19f273d5beab7dbc01c44d5b6ec9714f69e52e4980d0df4b7eff16fc587"" from: ""0xab1580ee6c593d1ae69c8e80592160bcdb9f6c97"" to: ""0xe23e1d8e9373a79ec4ae0262e77d52c21830ab11"" tokenSymbol: ""ETH"" value: ""0.01""","hash: ""0x07d56744bedbbe007bf5ce97d4fb6b59c85409b034add411627ddcf0d75db134"" from: ""0xbb777059731726fb990fac2687fa6c1f2924d4cd"" to: ""0xda8639ebade510607414fe396e98171280ee86f1"" tokenSymbol: ""ETH"" value: ""0.01""","hash: ""0x3edfabbeae9dd5a568716f190dbd572ccb7bbe6bcf54b480d660c7ed44283913"" from: ""0xb8aa2942f7285a9f3e69acb11311f8d849c0d05c"" to: ""0xb4a3ac905164bf9e8dff4b6f04b1eab55814642a"" tokenSymbol: ""ETH"" value: ""0.1"""
"hash: ""0x453c8e2e8ec00c4b098c45763fe7b032bb2f139268c5634bb62ee31680f3ead5"" from: ""0xd2033db9c5370ac76abd80823b5c5adc097e2fbf"" to: ""0xd25891cfaf13c9ca8a102709261da2ffd0fb0a1f"" tokenSymbol: ""ETH"" value: ""0.0089""","hash: ""0xf4e6497af4f794fcb9fc6e55718a10e9cb54b414cf8c5193e62989b3591f4775"" from: ""0xacc9df058068c40e8d23978eb3dfad7edf8a2577"" to: ""0xfab8b317625fc99a3989d894b1962f668101aec4"" tokenSymbol: ""ETH"" value: ""0.001""","hash: ""0xa3e9fb326b6276f9b26e4d24be9046b4d52aa212652c6e3eded8434017a35e24"" from: ""0xab1580ee6c593d1ae69c8e80592160bcdb9f6c97"" to: ""0xaf2947beb7bfd50f5ea168d22c6d143796d3b209"" tokenSymbol: ""ETH"" value: ""0.01""","hash: ""0x158ba727656a0598f95f14cbbe3ce77857c606b43121f700bc2aa508237e0fde"" from: ""0xda8639ebade510607414fe396e98171280ee86f1"" to: ""0xbb777059731726fb990fac2687fa6c1f2924d4cd"" tokenSymbol: ""ETH"" value: ""0.01""","hash: ""0x49c7415943c4b00b64d2deeb5ab4cef528365ff138ed4569c6215507a46f553c"" from: ""0xb4a3ac905164bf9e8dff4b6f04b1eab55814642a"" to: ""0xdbabf33f0d2464c9ac403acb67ef0e3340a0c031"" tokenSymbol: ""ETH"" value: ""0.005"""
"hash: ""0xcfcff21f03dc4cc3af309588a0d6cab3d8c81e8a50c772ebb153907655434b3d"" from: ""0xb2dd985116db690461fa28e03ba2a08a60af90a1"" to: ""0xd2033db9c5370ac76abd80823b5c5adc097e2fbf"" tokenSymbol: ""ETH"" value: ""0.0024""","hash: ""0xf710936b4cd50195d80474d068164341f504b5533b3e75865e890f28a18dac7d"" from: ""0xe563bad50fcaef4767116d945e35b87ef5acc4f0"" to: ""0xfab8b317625fc99a3989d894b1962f668101aec4"" tokenSymbol: ""ETH"" value: ""0.01""","hash: ""0xa0780dfca2b1d626e750b052e7e77f22532a8b1d71b3da08df44402acb994c55"" from: ""0xab1580ee6c593d1ae69c8e80592160bcdb9f6c97"" to: ""0xb8a6be8996bdffadb12665498b0315e03746550f"" tokenSymbol: ""ETH"" value: ""0.01""","hash: ""0xd9e56766e4b9b65158ebb5b3f0c46211893c7941ab9f4e7d39d5016a31574482"" from: ""0xda3605d79bc9e6ddef9bc8166c922cf7fd7c01a0"" to: ""0xda8639ebade510607414fe396e98171280ee86f1"" tokenSymbol: ""ETH"" value: ""0.005""","hash: ""0xa24950d8f3841726aa80d065417c11061489778db39cb5a14eecf88b5500e53d"" from: ""0xb4a3ac905164bf9e8dff4b6f04b1eab55814642a"" to: ""0xb2ed6de66f527a88fee596a5f7ddcc30c5031571"" tokenSymbol: ""ETH"" value: ""0.005"""
"hash: ""0x8c7eb4612d7ff6288034be64b368d661c18d10b92295d36e2fb9717af1d16e2f"" from: ""0xd2033db9c5370ac76abd80823b5c5adc097e2fbf"" to: ""0xe4b8bd8cb10dbf3b152ae13cbf95ec8b869420e1"" tokenSymbol: ""ETH"" value: ""0.0019""","hash: ""0xc659cacdcbe7d213cebca14b58b77000cdd551988a443c77974bc814f9eae23b"" from: ""0xfab8b317625fc99a3989d894b1962f668101aec4"" to: ""0xacc9df058068c40e8d23978eb3dfad7edf8a2577"" tokenSymbol: ""ETH"" value: ""0.0055""","hash: ""0xc3e632c536b8970514a88eb2a353136b8b118e6d067fb00cc00ead74b9cb1241"" from: ""0xab1580ee6c593d1ae69c8e80592160bcdb9f6c97"" to: ""0xbfb4a11a2247a013b50eaf5d68d5db1cc752c4a9"" tokenSymbol: ""ETH"" value: ""0.01""","hash: ""0xf2d7e6291aa7dd364771233ed601a7c853dd2d9888fb3de52ccfa6d436ebc444"" from: ""0xda8639ebade510607414fe396e98171280ee86f1"" to: ""0xda3605d79bc9e6ddef9bc8166c922cf7fd7c01a0"" tokenSymbol: ""ETH"" value: ""0.003""","hash: ""0x3211f1cdb661634cd276089f5d62090590f2ee5fe7506bf8de55f03cad38445c"" from: ""0xb4a3ac905164bf9e8dff4b6f04b1eab55814642a"" to: ""0xc52d24a78207b8c380d9b0ac2e5ec699dad04241"" tokenSymbol: ""ETH"" value: ""0.005"""
"hash: ""0x209166a17e4268f85323a8c7667efcf9d28d4de02a67a6f1b8428c4f846f20ee"" from: ""0xd2033db9c5370ac76abd80823b5c5adc097e2fbf"" to: ""0xd25891cfaf13c9ca8a102709261da2ffd0fb0a1f"" tokenSymbol: ""ETH"" value: ""0.001""","hash: ""0x3381566ff50caa1ae81a581a2649a9fca6f610fddadc000cecea7e36b61775e3"" from: ""0xe563bad50fcaef4767116d945e35b87ef5acc4f0"" to: ""0xfab8b317625fc99a3989d894b1962f668101aec4"" tokenSymbol: ""ETH"" value: ""0.007""",,"hash: ""0x89e278975abce07ec1545856e6e6b6017f9a5f087c4ddf1ed5861d27f72f866c"" from: ""0xda8639ebade510607414fe396e98171280ee86f1"" to: ""0xe85a5b0ef8e4690fef2b73cf94f9576a1c092c87"" tokenSymbol: ""ETH"" value: ""0.019""","hash: ""0xfa1a286444d4fbea1e8e747a5f587237d249622e25dce0f6539c30b6c8e080dd"" from: ""0xb4a3ac905164bf9e8dff4b6f04b1eab55814642a"" to: ""0xe66e4b4f43b6c7e7df71c0e325ad6797f3e66b3f"" tokenSymbol: ""ETH"" value: ""0.005"""
"hash: ""0xb03cce512d401ac5faa39d73f1bd113f0234edd778ba2281f22f030ee22c2e26"" from: ""0xd2033db9c5370ac76abd80823b5c5adc097e2fbf"" to: ""0xd25891cfaf13c9ca8a102709261da2ffd0fb0a1f"" tokenSymbol: ""ETH"" value: ""0.0005""","hash: ""0x16a830f22b41cead2f371f82260a580fced72738ae8703d201540f5e8e5e80b7"" from: ""0xb1f72d694711fce55c62ea97bd3739ff11cef986"" to: ""0xf6cee0b7d093d3e716461da80be035da8080d754"" tokenSymbol: ""ETH"" value: ""0.01""",,"hash: ""0x574ec9dfb72e0d025b881d51045cebcbaf0683b0bfd22b6a2820f4164d4a1ed3"" from: ""0xdcf411429b7c41c49409ddb14d87267ebdf74289"" to: ""0xe3b8681778882bdd121b51eada0de2b9088398df"" tokenSymbol: ""ETH"" value: ""0.025""","hash: ""0x5ed4fbddd4369d142d0ad3327787001cb0d71561ba0ebeb6f39dcccd752e82eb"" from: ""0xc5c23df5e5d70aa181e7a00733eea041b9623903"" to: ""0xb4a3ac905164bf9e8dff4b6f04b1eab55814642a"" tokenSymbol: ""ETH"" value: ""0.01"""
"hash: ""0x2f20ca53d8956890df61512654f1e2c9cbea7de95e21709ff746a23b6b1d7648"" from: ""0xd2033db9c5370ac76abd80823b5c5adc097e2fbf"" to: ""0xd25891cfaf13c9ca8a102709261da2ffd0fb0a1f"" tokenSymbol: ""ETH"" value: ""0.0002""","hash: ""0x9f53057ecbbe5aa550fae9f7d2ee333ced4f13bfed52f4159b27ea72d424bd41"" from: ""0xf6cee0b7d093d3e716461da80be035da8080d754"" to: ""0xb1f72d694711fce55c62ea97bd3739ff11cef986"" tokenSymbol: ""ETH"" value: ""0.01""",,"hash: ""0xbd6d161c0d350ec8bc39c550f57f9c0ae9d6acc1a41dcf7fb444381df8f20d1d"" from: ""0xdcf411429b7c41c49409ddb14d87267ebdf74289"" to: ""0xe3b8681778882bdd121b51eada0de2b9088398df"" tokenSymbol: ""ETH"" value: ""0.31""","hash: ""0xdf1a9656c0e0573d352810d2ffc455bbc8eaaba27f3c61b00ade744d1588de12"" from: ""0xb4a3ac905164bf9e8dff4b6f04b1eab55814642a"" to: ""0xc5c23df5e5d70aa181e7a00733eea041b9623903"" tokenSymbol: ""ETH"" value: ""0.005"""
"hash: ""0xcd1fbcaa96e53e379adb56194956ba3fbd04cbeb7882f19d62e046fe3c066877"" from: ""0xd2033db9c5370ac76abd80823b5c5adc097e2fbf"" to: ""0xd25891cfaf13c9ca8a102709261da2ffd0fb0a1f"" tokenSymbol: ""ETH"" value: ""0.0013""","hash: ""0x065a53c3e14d9d1d404a2e94265ac53e1fdbd90e501d8eecd144746584d9fca9"" from: ""0xf6cee0b7d093d3e716461da80be035da8080d754"" to: ""0xb1f72d694711fce55c62ea97bd3739ff11cef986"" tokenSymbol: ""ETH"" value: ""0.005""",,"hash: ""0xa7f8f779b778ce95a0644286b04d0857617f2503136e1d10c2e555c1e71742af"" from: ""0xceed5de12428369816cd22d1ba71463fc4c4c73e"" to: ""0xdcf411429b7c41c49409ddb14d87267ebdf74289"" tokenSymbol: ""ETH"" value: ""0.01""","hash: ""0xddd5ed4f92363289ef87a5cc86b0b39828046f063c23531916ec37ab6964f588"" from: ""0xb4a3ac905164bf9e8dff4b6f04b1eab55814642a"" to: ""0xe7481ee7af22f443303572cccf28a4a73a21bbe7"" tokenSymbol: ""ETH"" value: ""0.005"""
"hash: ""0x7b55d85cdb79bca84903226b7b75660e2046149b32385828565404e19145f72f"" from: ""0xd2033db9c5370ac76abd80823b5c5adc097e2fbf"" to: ""0xe4b8bd8cb10dbf3b152ae13cbf95ec8b869420e1"" tokenSymbol: ""ETH"" value: ""0.001""","hash: ""0xd58915b3a7acc6d2da5e245fed339f6cc9e7af84c987566466a2504c199c8f40"" from: ""0xf6cee0b7d093d3e716461da80be035da8080d754"" to: ""0xb1f72d694711fce55c62ea97bd3739ff11cef986"" tokenSymbol: ""ETH"" value: ""0.005""",,"hash: ""0x6517a2f2c955813fec5963005fbbaddbb6828abbdde0cc66a5474f2a50ad2ecb"" from: ""0xdcf411429b7c41c49409ddb14d87267ebdf74289"" to: ""0xd4d07a4f93d20158f60bc1e915fd433a9dc4b7cf"" tokenSymbol: ""ETH"" value: ""0.082""","hash: ""0xb7026f3d63d6bb63ee09c27417840c2890e576fbe085eeecd5648aa5f563f0ec"" from: ""0xfa8118fec97722451e36e84be84c37dd960a1ef2"" to: ""0xc68f835106b588ad7946729d7ab2712c0cd2ffed"" tokenSymbol: ""ETH"" value: ""0.005"""
"hash: ""0x2490d0abafc6e614ecc029a40a99edacfd3f540d2cdf7755962a87337fa90c96"" from: ""0xd2033db9c5370ac76abd80823b5c5adc097e2fbf"" to: ""0xe4b8bd8cb10dbf3b152ae13cbf95ec8b869420e1"" tokenSymbol: ""ETH"" value: ""0.001""","hash: ""0x0ce0bed59e78009961c76af4a0bfdfd0d0ba9db76dca7db48cd9a55be8cf64f4"" from: ""0xf6cee0b7d093d3e716461da80be035da8080d754"" to: ""0xb1f72d694711fce55c62ea97bd3739ff11cef986"" tokenSymbol: ""ETH"" value: ""0.0027""",,"hash: ""0x0659b7a7e055a986307a86cacf7362c152c4281cfa2a5134f8e40e6243ac052a"" from: ""0xda3605d79bc9e6ddef9bc8166c922cf7fd7c01a0"" to: ""0xdcf411429b7c41c49409ddb14d87267ebdf74289"" tokenSymbol: ""ETH"" value: ""0.005""","hash: ""0x633bdbf6b42cc7657331006b3ac82101065182b2a71208515bbaee3e295436fb"" from: ""0xb4a3ac905164bf9e8dff4b6f04b1eab55814642a"" to: ""0xc68f835106b588ad7946729d7ab2712c0cd2ffed"" tokenSymbol: ""ETH"" value: ""0.005"""
"hash: ""0x1035f7804fc6f2b1a437655d675195499079ee7025c551ea6fbd750b4a5f8a58"" from: ""0xd2033db9c5370ac76abd80823b5c5adc097e2fbf"" to: ""0xe4b8bd8cb10dbf3b152ae13cbf95ec8b869420e1"" tokenSymbol: ""ETH"" value: ""0.001""","hash: ""0x87c53b367c033fe60078a91b44a0f481e0e3f35165fcc6ce5b914488ef3d03d0"" from: ""0xf6cee0b7d093d3e716461da80be035da8080d754"" to: ""0xb1f72d694711fce55c62ea97bd3739ff11cef986"" tokenSymbol: ""ETH"" value: ""0.025""",,"hash: ""0xf3c342df4cf64c401ca745faee0079b01d50e5c8b43ad08a754504c5b7bcf93b"" from: ""0xda3605d79bc9e6ddef9bc8166c922cf7fd7c01a0"" to: ""0xdcf411429b7c41c49409ddb14d87267ebdf74289"" tokenSymbol: ""ETH"" value: ""0.005""","hash: ""0xadb1642b15c058c3c1f71866e8bad118d310e75badaa5b2fc9ee440febbdf980"" from: ""0xfa8118fec97722451e36e84be84c37dd960a1ef2"" to: ""0xb4a2b428f5f46772abc83b553e4ed7bc6e096378"" tokenSymbol: ""ETH"" value: ""0.005"""
"hash: ""0x0be0a605bc9a12c1984bbf57ad77f2a982f938a963cb8943d6072c71d1411b7f"" from: ""0xd2033db9c5370ac76abd80823b5c5adc097e2fbf"" to: ""0xe4b8bd8cb10dbf3b152ae13cbf95ec8b869420e1"" tokenSymbol: ""ETH"" value: ""0.001""","hash: ""0x9e35be0e8bf05d7f90d9ffe5def123604f574d6b3d7d537f66ffeb627468801a"" from: ""0xb1f72d694711fce55c62ea97bd3739ff11cef986"" to: ""0xacc9df058068c40e8d23978eb3dfad7edf8a2577"" tokenSymbol: ""ETH"" value: ""0.005""",,"hash: ""0x5694854dc7eed2b5e717466bcb9b5721a74abf749d903f25b17e7d92cfe4d77f"" from: ""0xceed5de12428369816cd22d1ba71463fc4c4c73e"" to: ""0xe3b8681778882bdd121b51eada0de2b9088398df"" tokenSymbol: ""ETH"" value: ""0.01""","hash: ""0xa4289bb7843b7f75cab129be4cac7d2af7649de6812262f0f5296f817baaeed6"" from: ""0xb4a3ac905164bf9e8dff4b6f04b1eab55814642a"" to: ""0xb4a2b428f5f46772abc83b553e4ed7bc6e096378"" tokenSymbol: ""ETH"" value: ""0.005"""
"hash: ""0x358008590c17e09c1f07c2b5a9f09c5f2b8584c0327bbb3d849f5148c9338e51"" from: ""0xb2dd985116db690461fa28e03ba2a08a60af90a1"" to: ""0xd2033db9c5370ac76abd80823b5c5adc097e2fbf"" tokenSymbol: ""ETH"" value: ""0.001""","hash: ""0x792633ffe78fc549ce8f79699e8f70c9532a7350d3bbf752d788799692118206"" from: ""0xacc9df058068c40e8d23978eb3dfad7edf8a2577"" to: ""0xf84856531e2d89b438f7820630db02cdfb2ae69f"" tokenSymbol: ""ETH"" value: ""0.003""",,"hash: ""0xe33a75a38d4dbcc90e284fec08c0adfe4fd7578cb7d4102e50d1a05b4398a2d9"" from: ""0xceed5de12428369816cd22d1ba71463fc4c4c73e"" to: ""0xd4d07a4f93d20158f60bc1e915fd433a9dc4b7cf"" tokenSymbol: ""ETH"" value: ""0.01""","hash: ""0xe7bcdb3a84d6764a8f03206dbd011094f8223f3bfd4530f6be9961d1332a23f0"" from: ""0xb4a3ac905164bf9e8dff4b6f04b1eab55814642a"" to: ""0xc54c577729bb114c7838fb839a74321c9d04efd1"" tokenSymbol: ""ETH"" value: ""0.005"""
"hash: ""0xe4befc25e6d8925db55cbdd624541c33789983653bf72212415873d75d0918db"" from: ""0xccbc524ebe1a9d7f0db3fbd10bc5c6e57768a28e"" to: ""0xd2033db9c5370ac76abd80823b5c5adc097e2fbf"" tokenSymbol: ""ETH"" value: ""0.001""","hash: ""0x3281ee9dd86bb0688caf9def59851c62f1cf12d9aaf1d7e572d6bb54847a321c"" from: ""0xacc9df058068c40e8d23978eb3dfad7edf8a2577"" to: ""0xeea62f22f176c0bcc4d21e9a3bf773e9eb20b9f6"" tokenSymbol: ""ETH"" value: ""0.002""",,"hash: ""0xeeba2b984b268224543a35ca8e6cf4c841b9847994593ddb945a431e33ccc576"" from: ""0xceed5de12428369816cd22d1ba71463fc4c4c73e"" to: ""0xd3ea2b7f180b341aa5736a676de9abb21d399044"" tokenSymbol: ""ETH"" value: ""0.01""","hash: ""0x95c09f29cf036f1420d8fb987cacf0f76827ab59e7b379a81cfcff535ef50ae5"" from: ""0xb4a3ac905164bf9e8dff4b6f04b1eab55814642a"" to: ""0xb4da408106a7545130e64c559ecb65fdce8c21ef"" tokenSymbol: ""ETH"" value: ""0.005"""
"hash: ""0xf90a36a4d2ff3063940b7958c2c2b320cf07b074940586485c1bf3792a9de9cd"" from: ""0xe356e7af80b8626a2b6ec11c32ad936c50a98a92"" to: ""0xd2033db9c5370ac76abd80823b5c5adc097e2fbf"" tokenSymbol: ""ETH"" value: ""0.001""","hash: ""0x1e090f3c31f0f81ee1974e007000466b95dffd4ba928cd05d1ce9e0e2682b618"" from: ""0xacc9df058068c40e8d23978eb3dfad7edf8a2577"" to: ""0xe3444be2085f4b2c7ae1b50b0980ad6a4c257017"" tokenSymbol: ""ETH"" value: ""0.005""",,"hash: ""0xcbd7bf7284114b70b5b1178aa4d2f47b65834a0a9e87c957261b7e406d535d27"" from: ""0xceed5de12428369816cd22d1ba71463fc4c4c73e"" to: ""0xd4d07a4f93d20158f60bc1e915fd433a9dc4b7cf"" tokenSymbol: ""ETH"" value: ""0.19""","hash: ""0x351a40800eee7d02275cd23fb146da8dad30a21007b766e93e8226b74f0915a4"" from: ""0xb4a3ac905164bf9e8dff4b6f04b1eab55814642a"" to: ""0xb606fdf543b3397bd0e6559b693ae8d60da4a46a"" tokenSymbol: ""ETH"" value: ""0.005"""
"hash: ""0x8347eb6ae6c75bc5777d09e2f9a35191994b7f3ce7d4b09220409b4878453fa5"" from: ""0xd4f20f43eef492a6cb117c698c0a1cbba42811e4"" to: ""0xd2033db9c5370ac76abd80823b5c5adc097e2fbf"" tokenSymbol: ""ETH"" value: ""0.0015""","hash: ""0x8eb9e8199e7b6f76195035206152e76fa45433bdf77791a766aeeaa692dd4b57"" from: ""0xe563bad50fcaef4767116d945e35b87ef5acc4f0"" to: ""0xddf67766823a949f0d5ed88c944a098f93c51535"" tokenSymbol: ""ETH"" value: ""0.0055""",,"hash: ""0x4bcbbb35d2e9c474f4c4ddc427e8a993e7c30178c0571a5f56dfb5eae02ccc4e"" from: ""0xda3605d79bc9e6ddef9bc8166c922cf7fd7c01a0"" to: ""0xceed5de12428369816cd22d1ba71463fc4c4c73e"" tokenSymbol: ""ETH"" value: ""0.005""","hash: ""0xb286b1268996ca3e263c12bde9c839b73749388e6c2b267420b9b0eb0f9c0a3d"" from: ""0xb4a3ac905164bf9e8dff4b6f04b1eab55814642a"" to: ""0xe4deac4c2b075ee64814483d9038daaf83542f71"" tokenSymbol: ""ETH"" value: ""0.005"""
"hash: ""0x053345ca233b9fe6abe056cfe2672be83f27fd0717def28d72c082644125739a"" from: ""0xee525a275d1f54c22cccf1a3314f13c712d7f3a8"" to: ""0xd2033db9c5370ac76abd80823b5c5adc097e2fbf"" tokenSymbol: ""ETH"" value: ""0.0015""","hash: ""0x3a97bcd6f9ca8ef6e70988124ea240beba9eb4fbd3ff69ebf86725fb58ad84d2"" from: ""0xe563bad50fcaef4767116d945e35b87ef5acc4f0"" to: ""0xddf67766823a949f0d5ed88c944a098f93c51535"" tokenSymbol: ""ETH"" value: ""0.01""",,"hash: ""0xc393b4953614da7f12e18877b3681c372d958fb249a0de24e7cef18a3fe2aac6"" from: ""0xda3605d79bc9e6ddef9bc8166c922cf7fd7c01a0"" to: ""0xceed5de12428369816cd22d1ba71463fc4c4c73e"" tokenSymbol: ""ETH"" value: ""0.005""","hash: ""0x0fd1bfb5282cfa1844f6b48fbe012986b204b39a442202b7a754255ea8fd8154"" from: ""0xfa8118fec97722451e36e84be84c37dd960a1ef2"" to: ""0xb4a3ac905164bf9e8dff4b6f04b1eab55814642a"" tokenSymbol: ""ETH"" value: ""0.6"""
"hash: ""0x6b24f691bfea59a58bc65db7d19542cf3142d4eacb751fb38f76014c0cf008bf"" from: ""0xd25891cfaf13c9ca8a102709261da2ffd0fb0a1f"" to: ""0xd2033db9c5370ac76abd80823b5c5adc097e2fbf"" tokenSymbol: ""ETH"" value: ""0.0005""","hash: ""0x7db6dc0acb3c88bf3885ffae60014dc2213971feda2a71eb453d0f86f17aa558"" from: ""0xe563bad50fcaef4767116d945e35b87ef5acc4f0"" to: ""0xce97488ddfe8c92ccdd6c23191bc90c6e93a4718"" tokenSymbol: ""ETH"" value: ""0.01""",,"hash: ""0x8ca38dde9710c49bbcb2b2fe28419794a454a60e0b139fe0505cd368cb9643ba"" from: ""0xda3605d79bc9e6ddef9bc8166c922cf7fd7c01a0"" to: ""0xd4d07a4f93d20158f60bc1e915fd433a9dc4b7cf"" tokenSymbol: ""ETH"" value: ""0.002""","hash: ""0x7372a0f478e9602bdf7536c0cd0047d4b5cbc45a510091d3276fea4bc1fcf7bf"" from: ""0xb4a3ac905164bf9e8dff4b6f04b1eab55814642a"" to: ""0xfa8118fec97722451e36e84be84c37dd960a1ef2"" tokenSymbol: ""ETH"" value: ""0.005"""
"hash: ""0xbb03e84e4427e7244eb8dfc02ae6a61d15c122a5b34df0b800708abb876d4620"" from: ""0xd2033db9c5370ac76abd80823b5c5adc097e2fbf"" to: ""0xe4b8bd8cb10dbf3b152ae13cbf95ec8b869420e1"" tokenSymbol: ""ETH"" value: ""0.006""","hash: ""0xea5ea1fd4fbbf2892300dcdc634500f74d852cb89385f0e7ea47d294bc2a3590"" from: ""0xe563bad50fcaef4767116d945e35b87ef5acc4f0"" to: ""0xe3444be2085f4b2c7ae1b50b0980ad6a4c257017"" tokenSymbol: ""ETH"" value: ""0.01""",,"hash: ""0xb4a125f2be78897eb3e3658c030a370e4fa5f9d9bdf0aadb28077613fba7548d"" from: ""0xe3b8681778882bdd121b51eada0de2b9088398df"" to: ""0xd4d07a4f93d20158f60bc1e915fd433a9dc4b7cf"" tokenSymbol: ""ETH"" value: ""0.082""","hash: ""0x6bfb4b066e1e7f5dbd64bbdb78b0096eb0ecfa0c0022cd858d33b8eb4f71313d"" from: ""0xb4a3ac905164bf9e8dff4b6f04b1eab55814642a"" to: ""0xc1563d51c3cdae5bbbff9bc8f1c37a1ea50950fc"" tokenSymbol: ""ETH"" value: ""0.005"""
"hash: ""0xa8a233d1b5c10235967ff5a991f0e87cac37da8ec5f90e489bae3223c67cb659"" from: ""0xd2033db9c5370ac76abd80823b5c5adc097e2fbf"" to: ""0xee525a275d1f54c22cccf1a3314f13c712d7f3a8"" tokenSymbol: ""ETH"" value: ""0.00025""","hash: ""0xb70c346b5a8da4828263342af576108de0fe0757dee8d4aa27fd98b6d5bcec44"" from: ""0xf84856531e2d89b438f7820630db02cdfb2ae69f"" to: ""0xe563bad50fcaef4767116d945e35b87ef5acc4f0"" tokenSymbol: ""ETH"" value: ""0.01""",,"hash: ""0xeb551ceddba6031414f1d7ae0f09951dac914c42d0ef8403c4ac1b2db9053734"" from: ""0xda3605d79bc9e6ddef9bc8166c922cf7fd7c01a0"" to: ""0xd4d07a4f93d20158f60bc1e915fd433a9dc4b7cf"" tokenSymbol: ""ETH"" value: ""0.003""","hash: ""0x768e7cd1a71993268c41b2d4b9dba50fea4729b5df516695adf4acf180d38f21"" from: ""0xb4a3ac905164bf9e8dff4b6f04b1eab55814642a"" to: ""0xbae00268df54cbd6e689de1ea3b2aafa52dd19a9"" tokenSymbol: ""ETH"" value: ""0.005"""
"hash: ""0xcfdb9aeff8b08c524fb5541108bcd50d1201fd3761e1c3605b0a6a3c7dc77e41"" from: ""0xd2033db9c5370ac76abd80823b5c5adc097e2fbf"" to: ""0xb2dd985116db690461fa28e03ba2a08a60af90a1"" tokenSymbol: ""ETH"" value: ""0.0005""","hash: ""0x0b3a56aaf1f72f31e5953122f5c160faa54942dd52cbf82db9572c11bd68f4d0"" from: ""0xf84856531e2d89b438f7820630db02cdfb2ae69f"" to: ""0xb1f72d694711fce55c62ea97bd3739ff11cef986"" tokenSymbol: ""ETH"" value: ""0.05""",,"hash: ""0xaa9163cfb559e42f5573f43cdfbc361b6c385f76b93da625a47a6918cf09948f"" from: ""0xda3605d79bc9e6ddef9bc8166c922cf7fd7c01a0"" to: ""0xd4d07a4f93d20158f60bc1e915fd433a9dc4b7cf"" tokenSymbol: ""ETH"" value: ""0.005""","hash: ""0xc1e51b68ff553338281b51b5493e4bac8515b68fbd01837687847a7e53206f1b"" from: ""0xb4a3ac905164bf9e8dff4b6f04b1eab55814642a"" to: ""0xac8e9cbcd6120f2a09eaa3a73d7e140995337346"" tokenSymbol: ""ETH"" value: ""0.005"""
"hash: ""0xdd8714cc6a606d1747ac1b6425477fe59b5d91e14d8469131aecb317f7f959ef"" from: ""0xd2033db9c5370ac76abd80823b5c5adc097e2fbf"" to: ""0xccbc524ebe1a9d7f0db3fbd10bc5c6e57768a28e"" tokenSymbol: ""ETH"" value: ""0.0005""","hash: ""0x225a653a9c278978a7fb071666c5fd9d4ece851021afb1314a2a5537b9e86e92"" from: ""0xb1f72d694711fce55c62ea97bd3739ff11cef986"" to: ""0xe563bad50fcaef4767116d945e35b87ef5acc4f0"" tokenSymbol: ""ETH"" value: ""0.05""",,"hash: ""0x4c6e0035dd6a87530581d31f9bc229560c755996c9a7b468129b2cde482db88f"" from: ""0xda3605d79bc9e6ddef9bc8166c922cf7fd7c01a0"" to: ""0xe3b8681778882bdd121b51eada0de2b9088398df"" tokenSymbol: ""ETH"" value: ""0.002""","hash: ""0x1f4920440ad5e41bac9f49ff779a3c4f8cc8734dcf7303cc5bed0d6a56a4d154"" from: ""0xb4a3ac905164bf9e8dff4b6f04b1eab55814642a"" to: ""0xe96d806c830bb3f108eb51479a66edb31a3c1ab4"" tokenSymbol: ""ETH"" value: ""0.005"""
"hash: ""0x594b25ed2f07c88aba362f4a6bd7b45ebd3ae252dac4bde433666c56ae1df8d9"" from: ""0xd2033db9c5370ac76abd80823b5c5adc097e2fbf"" to: ""0xe356e7af80b8626a2b6ec11c32ad936c50a98a92"" tokenSymbol: ""ETH"" value: ""0.0005""","hash: ""0x1ed8a9fc8a2576111cdd7795b036bf812e5961a47b2c484784264f4ea6d98e6f"" from: ""0xe563bad50fcaef4767116d945e35b87ef5acc4f0"" to: ""0xb1f72d694711fce55c62ea97bd3739ff11cef986"" tokenSymbol: ""ETH"" value: ""0.009""",,"hash: ""0xfd620a34e4531cdd580004536818966214d0ee637d9b28bc7b11960bb5fed4c0"" from: ""0xda3605d79bc9e6ddef9bc8166c922cf7fd7c01a0"" to: ""0xe3b8681778882bdd121b51eada0de2b9088398df"" tokenSymbol: ""ETH"" value: ""0.005""","hash: ""0x6cf660acadc74ee22ced56c0cb06b987ddd95ef19b591ea565e7dcf21c3277c2"" from: ""0xb4a3ac905164bf9e8dff4b6f04b1eab55814642a"" to: ""0xd471a840ec81be3ce5e1325413581a1eaf5dcc11"" tokenSymbol: ""ETH"" value: ""0.005"""
"hash: ""0x136e0e00f91718dda12528f5dd62ff85fb64c64ddcfe5c503d38e6dfee8b69c0"" from: ""0xd2033db9c5370ac76abd80823b5c5adc097e2fbf"" to: ""0xd4f20f43eef492a6cb117c698c0a1cbba42811e4"" tokenSymbol: ""ETH"" value: ""0.0005""","hash: ""0x2d09f14ed6108c150396f57d635eb7aebf4f2933468cc63c5e5316fc9decbbc2"" from: ""0xb1f72d694711fce55c62ea97bd3739ff11cef986"" to: ""0xe563bad50fcaef4767116d945e35b87ef5acc4f0"" tokenSymbol: ""ETH"" value: ""0.01""",,"hash: ""0xea8a96ec714efffccb7124aca0c55e1710f3477a5fddc049b0ea6ec62e12413c"" from: ""0xda3605d79bc9e6ddef9bc8166c922cf7fd7c01a0"" to: ""0xe3b8681778882bdd121b51eada0de2b9088398df"" tokenSymbol: ""ETH"" value: ""0.005""","hash: ""0x1bb8f03a54a0637b0099ff8d37e036c1f3d9e2b5f8f3176182c82c787b3642de"" from: ""0xb4a3ac905164bf9e8dff4b6f04b1eab55814642a"" to: ""0xeb0ad1099f5e12968d41c04f8a22e6dbb0f65702"" tokenSymbol: ""ETH"" value: ""0.005"""
"hash: ""0xab6173ba958bd5978f1d2a096a1c56e2271a7660b3153fe6274501f55ab8b2c6"" from: ""0xd2033db9c5370ac76abd80823b5c5adc097e2fbf"" to: ""0xee525a275d1f54c22cccf1a3314f13c712d7f3a8"" tokenSymbol: ""ETH"" value: ""0.0005""",,,"hash: ""0x662f25584cd345efacf8318e8035233756076e1f2414e64ff90c433a5ccac888"" from: ""0xda3605d79bc9e6ddef9bc8166c922cf7fd7c01a0"" to: ""0xd3ea2b7f180b341aa5736a676de9abb21d399044"" tokenSymbol: ""ETH"" value: ""0.002""","hash: ""0x59da11d9b357c1363843f4ebcfecf0d454648700d79b20edd67b9f705e0a34f1"" from: ""0xb4a3ac905164bf9e8dff4b6f04b1eab55814642a"" to: ""0xac8efff8b4ecef9f6704c38425d96a7048d938ed"" tokenSymbol: ""ETH"" value: ""0.005"""
"hash: ""0xec7c63628f1b08dcc84249984df59694e8e5acc8cb664cd650e6c64db31d43e6"" from: ""0xd2033db9c5370ac76abd80823b5c5adc097e2fbf"" to: ""0xd25891cfaf13c9ca8a102709261da2ffd0fb0a1f"" tokenSymbol: ""ETH"" value: ""0.0005""",,,"hash: ""0x16e2c46bbca8e38e9d8b173b576eae66b86d1a9bedd446c2e67aec22c5982fef"" from: ""0xda3605d79bc9e6ddef9bc8166c922cf7fd7c01a0"" to: ""0xd3ea2b7f180b341aa5736a676de9abb21d399044"" tokenSymbol: ""ETH"" value: ""0.003""","hash: ""0x4efe402f6baf540b4305c53ce85b5b102f46139602be733e984168a4d06ecfb0"" from: ""0xb4a3ac905164bf9e8dff4b6f04b1eab55814642a"" to: ""0xd357a7e5c94f46dfbc3c05033b1ff97926a4e4dc"" tokenSymbol: ""ETH"" value: ""0.005"""
"hash: ""0xcd532c53b1438f1e52870735be7eb1cfd938090d74177b77133802058fe5fb8a"" from: ""0xd2033db9c5370ac76abd80823b5c5adc097e2fbf"" to: ""0xee525a275d1f54c22cccf1a3314f13c712d7f3a8"" tokenSymbol: ""ETH"" value: ""0.005""",,,"hash: ""0xf10ee1dd5e4f1ffc5af5d06053741fe9505b687983c7bc5213354ac5b30e9b72"" from: ""0xda3605d79bc9e6ddef9bc8166c922cf7fd7c01a0"" to: ""0xd3ea2b7f180b341aa5736a676de9abb21d399044"" tokenSymbol: ""ETH"" value: ""0.005""","hash: ""0xbf76e48d3944bc3e04549f462248783a3db546204597ef716117b4dee90b8029"" from: ""0xb4a3ac905164bf9e8dff4b6f04b1eab55814642a"" to: ""0xb35a83bda02c2cb5af44a8afc79431f9c11e505c"" tokenSymbol: ""ETH"" value: ""0.005"""
"hash: ""0x6e75d926294b1e4e250dab91f0c935e189d09bea535a539d94ed6d5c01619341"" from: ""0xd2033db9c5370ac76abd80823b5c5adc097e2fbf"" to: ""0xee525a275d1f54c22cccf1a3314f13c712d7f3a8"" tokenSymbol: ""ETH"" value: ""0.003""",,,,"hash: ""0x8e3180b27d225e93923fad4f55aa49820b16a7000b9994cbf157d785fde87d89"" from: ""0xb4a3ac905164bf9e8dff4b6f04b1eab55814642a"" to: ""0xd53b399bf34305d1cd665c2b092d787c8a5e45b7"" tokenSymbol: ""ETH"" value: ""0.005"""
"hash: ""0x79ea9003146038c52f6cc8ecb8190b21d0f499391afb750818e5d329a1fcc05e"" from: ""0xd2033db9c5370ac76abd80823b5c5adc097e2fbf"" to: ""0xee525a275d1f54c22cccf1a3314f13c712d7f3a8"" tokenSymbol: ""ETH"" value: ""0.009704948010535565""",,,,"hash: ""0x6b07e83651cc856512d42b87555fd1cbc5b7ba2c97ec2182e532082aa53d086b"" from: ""0xb4a3ac905164bf9e8dff4b6f04b1eab55814642a"" to: ""0xd67d2f08cbc0e3b4cd6db121b5e0c0e5425268a2"" tokenSymbol: ""ETH"" value: ""0.005"""
"hash: ""0x5ac8e302963ce7e6a0a40f41ea8b47abc3c847a9855c4c7228c2b7f75c7386fb"" from: ""0xee525a275d1f54c22cccf1a3314f13c712d7f3a8"" to: ""0xd2033db9c5370ac76abd80823b5c5adc097e2fbf"" tokenSymbol: ""ETH"" value: ""0.01""",,,,"hash: ""0x3a1fa99e83e504692422f9b30824a61bac9022972ed4f5af8f63df6dc38b07d4"" from: ""0xb4a3ac905164bf9e8dff4b6f04b1eab55814642a"" to: ""0xbfc4ee67d03dd3450e9e53137b8db0a347cd086a"" tokenSymbol: ""ETH"" value: ""0.005"""
"hash: ""0xb0f05d986e91c3b49ce47d47ea8feab084186a7638bcb928e4e4a34da3ec19a2"" from: ""0xd2033db9c5370ac76abd80823b5c5adc097e2fbf"" to: ""0xee525a275d1f54c22cccf1a3314f13c712d7f3a8"" tokenSymbol: ""ETH"" value: ""0.014""",,,,
"hash: ""0xadf791280e5b50272b6e8695b299338231fe43d5d1cf211487a2f30df2854f12"" from: ""0xee525a275d1f54c22cccf1a3314f13c712d7f3a8"" to: ""0xd2033db9c5370ac76abd80823b5c5adc097e2fbf"" tokenSymbol: ""ETH"" value: ""0.013""",,,,
"hash: ""0x70edc5dcab524537bc45b85e1231e015e5c495f00b1bd7d921b1aae5a3d0d6c0"" from: ""0xd2033db9c5370ac76abd80823b5c5adc097e2fbf"" to: ""0xd25891cfaf13c9ca8a102709261da2ffd0fb0a1f"" tokenSymbol: ""ETH"" value: ""0.005""",,,,
"hash: ""0x57a709d8857251a93c1d90e98313757fcf80af13b24963514128ae93a8fce926"" from: ""0xd2033db9c5370ac76abd80823b5c5adc097e2fbf"" to: ""0xee525a275d1f54c22cccf1a3314f13c712d7f3a8"" tokenSymbol: ""ETH"" value: ""0.001""",,,,
"hash: ""0x9214d988d273803c6a0fbaef9c88575f2296e315e6ddc2656f8bcd873e4ec6d3"" from: ""0xd2033db9c5370ac76abd80823b5c5adc097e2fbf"" to: ""0xca1e6cce755f9b276ebcf60532e91b1d6804486d"" tokenSymbol: ""ETH"" value: ""0.01""",,,,
"hash: ""0x7509af28db789f20e011e13869219d7e6d0312a8351107933f5adc3b227c3a9d"" from: ""0xd25891cfaf13c9ca8a102709261da2ffd0fb0a1f"" to: ""0xee525a275d1f54c22cccf1a3314f13c712d7f3a8"" tokenSymbol: ""ETH"" value: ""0.0003""",,,,
"hash: ""0xae206b06a81f7ffa0f880f653febd5475c49190121ce33a306201dfb11d6afb9"" from: ""0xd25891cfaf13c9ca8a102709261da2ffd0fb0a1f"" to: ""0xca1e6cce755f9b276ebcf60532e91b1d6804486d"" tokenSymbol: ""ETH"" value: ""0.00235""",,,,
"hash: ""0xf30546cdfceac5d66e9f011859df1618ffd691027b751f0438492fa41307b387"" from: ""0xccbc524ebe1a9d7f0db3fbd10bc5c6e57768a28e"" to: ""0xb2dd985116db690461fa28e03ba2a08a60af90a1"" tokenSymbol: ""ETH"" value: ""0.0024""",,,,
"hash: ""0xaa6e58c6767c893306777ebe61ff966cfcce897bf30e26344bd6b9d259e654a5"" from: ""0xe356e7af80b8626a2b6ec11c32ad936c50a98a92"" to: ""0xccbc524ebe1a9d7f0db3fbd10bc5c6e57768a28e"" tokenSymbol: ""ETH"" value: ""0.0015""",,,,
"hash: ""0x1442041612bc1caf14d3692691f3e6e450b030e998edf9b58f8063207a69089e"" from: ""0xe356e7af80b8626a2b6ec11c32ad936c50a98a92"" to: ""0xccbc524ebe1a9d7f0db3fbd10bc5c6e57768a28e"" tokenSymbol: ""ETH"" value: ""0.001""",,,,
"hash: ""0xbc3ba4c6a6b3b5180fed609c2545c21503137416f2b7e487311b644500a9875a"" from: ""0xe356e7af80b8626a2b6ec11c32ad936c50a98a92"" to: ""0xccbc524ebe1a9d7f0db3fbd10bc5c6e57768a28e"" tokenSymbol: ""ETH"" value: ""0.0015""",,,,
"hash: ""0xea7c4c375d17a04cc1a2af08c44fb886b26dc789f11e993ec9ec79275ce44141"" from: ""0xd4f20f43eef492a6cb117c698c0a1cbba42811e4"" to: ""0xccbc524ebe1a9d7f0db3fbd10bc5c6e57768a28e"" tokenSymbol: ""ETH"" value: ""0.0015""",,,,
"hash: ""0x9b3d3b0fa0c628585a897edf2080058c0ca9ac0660dae68b9c9999d6f7be81a5"" from: ""0xd4f20f43eef492a6cb117c698c0a1cbba42811e4"" to: ""0xccbc524ebe1a9d7f0db3fbd10bc5c6e57768a28e"" tokenSymbol: ""ETH"" value: ""0.0083""",,,,
"hash: ""0xc990ce954ddd9114143fac18b810024ee4d890254a13ee7f149dfee3276066d5"" from: ""0xccbc524ebe1a9d7f0db3fbd10bc5c6e57768a28e"" to: ""0xb2dd985116db690461fa28e03ba2a08a60af90a1"" tokenSymbol: ""ETH"" value: ""0.001""",,,,
"hash: ""0x0a0e3190f5beed89cf9d3ba97ac790db5ea5335312527b92bceadd3da8e05ffe"" from: ""0xccbc524ebe1a9d7f0db3fbd10bc5c6e57768a28e"" to: ""0xb2dd985116db690461fa28e03ba2a08a60af90a1"" tokenSymbol: ""ETH"" value: ""0.051""",,,,
"hash: ""0x48e8896af75018f50ad8b90e2c46f12178b3f15950e1ef2b7cee78322643a0c0"" from: ""0xd4f20f43eef492a6cb117c698c0a1cbba42811e4"" to: ""0xccbc524ebe1a9d7f0db3fbd10bc5c6e57768a28e"" tokenSymbol: ""ETH"" value: ""0.0002""",,,,
"hash: ""0xc71a26464252cb9de31cf334bd8e8b07a8594eff01383f25e9114093fced1533"" from: ""0xb2dd985116db690461fa28e03ba2a08a60af90a1"" to: ""0xccbc524ebe1a9d7f0db3fbd10bc5c6e57768a28e"" tokenSymbol: ""ETH"" value: ""0.0087""",,,,
"hash: ""0x7399e8d76013c63733e5ff6f37d1381d83cb30d824b844b069b0c57660376977"" from: ""0xca1e6cce755f9b276ebcf60532e91b1d6804486d"" to: ""0xe4b8bd8cb10dbf3b152ae13cbf95ec8b869420e1"" tokenSymbol: ""ETH"" value: ""0.05923402""",,,,
"hash: ""0xb0a965ff7e01b9ffc634029e553ae5cff1eb9429dcfd1851b39d8cc1a71e5f9d"" from: ""0xe4b8bd8cb10dbf3b152ae13cbf95ec8b869420e1"" to: ""0xca1e6cce755f9b276ebcf60532e91b1d6804486d"" tokenSymbol: ""ETH"" value: ""0.0002""",,,,
"hash: ""0x35262376bc99a4dacb416e9ca6653ffe8b700eafc86ccae97217eff410df5e26"" from: ""0xe4b8bd8cb10dbf3b152ae13cbf95ec8b869420e1"" to: ""0xca1e6cce755f9b276ebcf60532e91b1d6804486d"" tokenSymbol: ""ETH"" value: ""0.0002""",,,,
"hash: ""0xe40c499ab22bf857a5272610f014bd891d3b99160b26857f01c77c01c338c853"" from: ""0xe4b8bd8cb10dbf3b152ae13cbf95ec8b869420e1"" to: ""0xca1e6cce755f9b276ebcf60532e91b1d6804486d"" tokenSymbol: ""ETH"" value: ""0.0008""",,,,
"hash: ""0x6df9ddc93d07a3675c424c723623abb9bbc162b24cf94076e1a0a15163d1295c"" from: ""0xb2dd985116db690461fa28e03ba2a08a60af90a1"" to: ""0xe4b8bd8cb10dbf3b152ae13cbf95ec8b869420e1"" tokenSymbol: ""ETH"" value: ""0.00025""",,,,
"hash: ""0xa2353bf56c26da8eccf412c7fa28bffc6acf67cccfce281b79678e3f8927308d"" from: ""0xe4b8bd8cb10dbf3b152ae13cbf95ec8b869420e1"" to: ""0xca1e6cce755f9b276ebcf60532e91b1d6804486d"" tokenSymbol: ""ETH"" value: ""0.00025""",,,,
"hash: ""0x3caa4c591203b2bd68e265f4c23ab800145cf4841a9148af830e9999290eb822"" from: ""0xe4b8bd8cb10dbf3b152ae13cbf95ec8b869420e1"" to: ""0xca1e6cce755f9b276ebcf60532e91b1d6804486d"" tokenSymbol: ""ETH"" value: ""0.0005""",,,,
"hash: ""0x781832e1c342f638017efe0233769c82b12f5e2c74a0febf5b907bf6dcfe6786"" from: ""0xe4b8bd8cb10dbf3b152ae13cbf95ec8b869420e1"" to: ""0xca1e6cce755f9b276ebcf60532e91b1d6804486d"" tokenSymbol: ""ETH"" value: ""0.36""",,,,
"hash: ""0x26001ae8e6428369cad1069e92b430f058d81f58fc62e8dcb243140475e6270b"" from: ""0xca1e6cce755f9b276ebcf60532e91b1d6804486d"" to: ""0xe4b8bd8cb10dbf3b152ae13cbf95ec8b869420e1"" tokenSymbol: ""ETH"" value: ""0.0003""",,,,
"hash: ""0x38337b6e92286d6b8e2daed4c8d3a49a62f4cca769965c9e94484ea49b0849e0"" from: ""0xca1e6cce755f9b276ebcf60532e91b1d6804486d"" to: ""0xe4b8bd8cb10dbf3b152ae13cbf95ec8b869420e1"" tokenSymbol: ""ETH"" value: ""0.0003""",,,,
"hash: ""0xec05046f1759f6253325bef1ab7193fb496fa37ddad1f29976bd23442c4b6fbb"" from: ""0xca1e6cce755f9b276ebcf60532e91b1d6804486d"" to: ""0xe4b8bd8cb10dbf3b152ae13cbf95ec8b869420e1"" tokenSymbol: ""ETH"" value: ""0.001""",,,,
"hash: ""0x043812cdf126508c0b134a37eebf1f6b34a2b4594b6706effd830ddec093ae00"" from: ""0xca1e6cce755f9b276ebcf60532e91b1d6804486d"" to: ""0xe4b8bd8cb10dbf3b152ae13cbf95ec8b869420e1"" tokenSymbol: ""ETH"" value: ""0.001""",,,,
"hash: ""0xb80840b25be33cc042efb664242db5d9e48fc707979886b813a7c397213ccbce"" from: ""0xca1e6cce755f9b276ebcf60532e91b1d6804486d"" to: ""0xe4b8bd8cb10dbf3b152ae13cbf95ec8b869420e1"" tokenSymbol: ""ETH"" value: ""0.001""",,,,
"hash: ""0x661daa9d841a3884940d55561b5efcd316ab198a262c2113892f64381906c440"" from: ""0xca1e6cce755f9b276ebcf60532e91b1d6804486d"" to: ""0xe4b8bd8cb10dbf3b152ae13cbf95ec8b869420e1"" tokenSymbol: ""ETH"" value: ""0.0157""",,,,
"hash: ""0x67f5e5610c5f22ef268b8bda374e19669fcdf9bcec82f3884087e31271fbce13"" from: ""0xb2dd985116db690461fa28e03ba2a08a60af90a1"" to: ""0xe4b8bd8cb10dbf3b152ae13cbf95ec8b869420e1"" tokenSymbol: ""ETH"" value: ""0.016""",,,,
"hash: ""0xffee9e97055b8c04c069acc0eea9ebaaa30ce8bedb829cadaa0028973af19809"" from: ""0xd4f20f43eef492a6cb117c698c0a1cbba42811e4"" to: ""0xe356e7af80b8626a2b6ec11c32ad936c50a98a92"" tokenSymbol: ""ETH"" value: ""0.0034""",,,,
"hash: ""0x067e3f6d9ea03814679c8808b27dba7d66e289c3d862fa86c82960ad6e07243c"" from: ""0xee525a275d1f54c22cccf1a3314f13c712d7f3a8"" to: ""0xd4f20f43eef492a6cb117c698c0a1cbba42811e4"" tokenSymbol: ""ETH"" value: ""0.002""",,,,
"hash: ""0x54c5d58720eb69fd2883640af70b39404ebbf2f1efdb74950cf0e9a5587b63ee"" from: ""0xd4f20f43eef492a6cb117c698c0a1cbba42811e4"" to: ""0xe356e7af80b8626a2b6ec11c32ad936c50a98a92"" tokenSymbol: ""ETH"" value: ""0.03""",,,,
"hash: ""0x80b4458bf23df82b67629284e54f409087f1b8bafc23d790856e1eb6b270529e"" from: ""0xee525a275d1f54c22cccf1a3314f13c712d7f3a8"" to: ""0xd4f20f43eef492a6cb117c698c0a1cbba42811e4"" tokenSymbol: ""ETH"" value: ""0.031""",,,,
"hash: ""0x5c6433ed660979aca57dcd92b499a06767d90625f183a8230140fc40000ca270"" from: ""0xb2dd985116db690461fa28e03ba2a08a60af90a1"" to: ""0xca1e6cce755f9b276ebcf60532e91b1d6804486d"" tokenSymbol: ""ETH"" value: ""0.00025""",,,,
"hash: ""0x55deb32897d979e074ddbbe0aa7cb3a6efdd5c0569e3bbdf7bc9ede8748829b8"" from: ""0xb2dd985116db690461fa28e03ba2a08a60af90a1"" to: ""0xca1e6cce755f9b276ebcf60532e91b1d6804486d"" tokenSymbol: ""ETH"" value: ""0.016""",,,,
"hash: ""0xd748c3896f1c034426822ba6c5855691bf3fbb16538292f0f8bd52ab7f47403d"" from: ""0xee525a275d1f54c22cccf1a3314f13c712d7f3a8"" to: ""0xe356e7af80b8626a2b6ec11c32ad936c50a98a92"" tokenSymbol: ""ETH"" value: ""0.0003""",,,,
